<?xml version="1.0" encoding="UTF-8"?>
<root>
  <item name="com.phunware.advertising.internal.vast.TVASTAdError TVASTAdError(int, int, java.lang.String) 0">
    <annotation name="android.support.annotation.IntDef">
      <val name="value" val="{com.phunware.advertising.internal.vast.TVASTAdError.ERROR_TYPE_UNKNOWN, com.phunware.advertising.internal.vast.TVASTAdError.ERROR_TYPE_LOAD, com.phunware.advertising.internal.vast.TVASTAdError.ERROR_TYPE_PLAY}" />
    </annotation>
  </item>
  <item name="com.phunware.advertising.internal.vast.TVASTAdError TVASTAdError(int, int, java.lang.String) 1">
    <annotation name="android.support.annotation.IntDef">
      <val name="value" val="{com.phunware.advertising.internal.vast.TVASTAdError.ERROR_CODE_UNKNOWN_ERROR, com.phunware.advertising.internal.vast.TVASTAdError.ERROR_CODE_VIDEO_PLAY_ERROR, com.phunware.advertising.internal.vast.TVASTAdError.ERROR_CODE_FAILED_TO_REQUEST_ADS, com.phunware.advertising.internal.vast.TVASTAdError.ERROR_CODE_INTERNAL_ERROR, com.phunware.advertising.internal.vast.TVASTAdError.ERROR_CODE_SUPPORTED_ADS_NOT_FOUND, com.phunware.advertising.internal.vast.TVASTAdError.ERROR_CODE_ADSLOT_NOT_VISIBLE, com.phunware.advertising.internal.vast.TVASTAdError.ERROR_CODE_VAST_LOAD_TIMEOUT, com.phunware.advertising.internal.vast.TVASTAdError.ERROR_CODE_VAST_INVALID_URL, com.phunware.advertising.internal.vast.TVASTAdError.ERROR_CODE_VAST_MALFORMED_RESPONSE, com.phunware.advertising.internal.vast.TVASTAdError.ERROR_CODE_VAST_MEDIA_ERROR, com.phunware.advertising.internal.vast.TVASTAdError.ERROR_CODE_VAST_TOO_MANY_REDIRECTS, com.phunware.advertising.internal.vast.TVASTAdError.ERROR_CODE_VAST_ASSET_MISMATCH, com.phunware.advertising.internal.vast.TVASTAdError.ERROR_CODE_VAST_ASSET_NOT_FOUND, com.phunware.advertising.internal.vast.TVASTAdError.ERROR_CODE_INVALID_ARGUMENTS, com.phunware.advertising.internal.vast.TVASTAdError.ERROR_CODE_COMPANION_AD_LOADING_FAILED, com.phunware.advertising.internal.vast.TVASTAdError.ERROR_CODE_UNKNOWN_AD_RESPONSE, com.phunware.advertising.internal.vast.TVASTAdError.ERROR_CODE_UNEXPECTED_LOADING_ERROR, com.phunware.advertising.internal.vast.TVASTAdError.ERROR_CODE_OVERLAY_AD_LOADING_FAILED, com.phunware.advertising.internal.vast.TVASTAdError.ERROR_CODE_OVERLAY_AD_PLAYING_FAILED, com.phunware.advertising.internal.vast.TVASTAdError.ERROR_NO_REMAINING_VIEWS}" />
    </annotation>
  </item>
  <item name="com.phunware.advertising.internal.vast.TVASTAdError int getErrorCode()">
    <annotation name="android.support.annotation.IntDef">
      <val name="value" val="{com.phunware.advertising.internal.vast.TVASTAdError.ERROR_CODE_UNKNOWN_ERROR, com.phunware.advertising.internal.vast.TVASTAdError.ERROR_CODE_VIDEO_PLAY_ERROR, com.phunware.advertising.internal.vast.TVASTAdError.ERROR_CODE_FAILED_TO_REQUEST_ADS, com.phunware.advertising.internal.vast.TVASTAdError.ERROR_CODE_INTERNAL_ERROR, com.phunware.advertising.internal.vast.TVASTAdError.ERROR_CODE_SUPPORTED_ADS_NOT_FOUND, com.phunware.advertising.internal.vast.TVASTAdError.ERROR_CODE_ADSLOT_NOT_VISIBLE, com.phunware.advertising.internal.vast.TVASTAdError.ERROR_CODE_VAST_LOAD_TIMEOUT, com.phunware.advertising.internal.vast.TVASTAdError.ERROR_CODE_VAST_INVALID_URL, com.phunware.advertising.internal.vast.TVASTAdError.ERROR_CODE_VAST_MALFORMED_RESPONSE, com.phunware.advertising.internal.vast.TVASTAdError.ERROR_CODE_VAST_MEDIA_ERROR, com.phunware.advertising.internal.vast.TVASTAdError.ERROR_CODE_VAST_TOO_MANY_REDIRECTS, com.phunware.advertising.internal.vast.TVASTAdError.ERROR_CODE_VAST_ASSET_MISMATCH, com.phunware.advertising.internal.vast.TVASTAdError.ERROR_CODE_VAST_ASSET_NOT_FOUND, com.phunware.advertising.internal.vast.TVASTAdError.ERROR_CODE_INVALID_ARGUMENTS, com.phunware.advertising.internal.vast.TVASTAdError.ERROR_CODE_COMPANION_AD_LOADING_FAILED, com.phunware.advertising.internal.vast.TVASTAdError.ERROR_CODE_UNKNOWN_AD_RESPONSE, com.phunware.advertising.internal.vast.TVASTAdError.ERROR_CODE_UNEXPECTED_LOADING_ERROR, com.phunware.advertising.internal.vast.TVASTAdError.ERROR_CODE_OVERLAY_AD_LOADING_FAILED, com.phunware.advertising.internal.vast.TVASTAdError.ERROR_CODE_OVERLAY_AD_PLAYING_FAILED, com.phunware.advertising.internal.vast.TVASTAdError.ERROR_NO_REMAINING_VIEWS}" />
    </annotation>
  </item>
  <item name="com.phunware.advertising.internal.vast.TVASTAdError int getErrorType()">
    <annotation name="android.support.annotation.IntDef">
      <val name="value" val="{com.phunware.advertising.internal.vast.TVASTAdError.ERROR_TYPE_UNKNOWN, com.phunware.advertising.internal.vast.TVASTAdError.ERROR_TYPE_LOAD, com.phunware.advertising.internal.vast.TVASTAdError.ERROR_TYPE_PLAY}" />
    </annotation>
  </item>
  <item name="com.phunware.advertising.internal.vast.TVASTAdError mErrorCode">
    <annotation name="android.support.annotation.IntDef">
      <val name="value" val="{com.phunware.advertising.internal.vast.TVASTAdError.ERROR_CODE_UNKNOWN_ERROR, com.phunware.advertising.internal.vast.TVASTAdError.ERROR_CODE_VIDEO_PLAY_ERROR, com.phunware.advertising.internal.vast.TVASTAdError.ERROR_CODE_FAILED_TO_REQUEST_ADS, com.phunware.advertising.internal.vast.TVASTAdError.ERROR_CODE_INTERNAL_ERROR, com.phunware.advertising.internal.vast.TVASTAdError.ERROR_CODE_SUPPORTED_ADS_NOT_FOUND, com.phunware.advertising.internal.vast.TVASTAdError.ERROR_CODE_ADSLOT_NOT_VISIBLE, com.phunware.advertising.internal.vast.TVASTAdError.ERROR_CODE_VAST_LOAD_TIMEOUT, com.phunware.advertising.internal.vast.TVASTAdError.ERROR_CODE_VAST_INVALID_URL, com.phunware.advertising.internal.vast.TVASTAdError.ERROR_CODE_VAST_MALFORMED_RESPONSE, com.phunware.advertising.internal.vast.TVASTAdError.ERROR_CODE_VAST_MEDIA_ERROR, com.phunware.advertising.internal.vast.TVASTAdError.ERROR_CODE_VAST_TOO_MANY_REDIRECTS, com.phunware.advertising.internal.vast.TVASTAdError.ERROR_CODE_VAST_ASSET_MISMATCH, com.phunware.advertising.internal.vast.TVASTAdError.ERROR_CODE_VAST_ASSET_NOT_FOUND, com.phunware.advertising.internal.vast.TVASTAdError.ERROR_CODE_INVALID_ARGUMENTS, com.phunware.advertising.internal.vast.TVASTAdError.ERROR_CODE_COMPANION_AD_LOADING_FAILED, com.phunware.advertising.internal.vast.TVASTAdError.ERROR_CODE_UNKNOWN_AD_RESPONSE, com.phunware.advertising.internal.vast.TVASTAdError.ERROR_CODE_UNEXPECTED_LOADING_ERROR, com.phunware.advertising.internal.vast.TVASTAdError.ERROR_CODE_OVERLAY_AD_LOADING_FAILED, com.phunware.advertising.internal.vast.TVASTAdError.ERROR_CODE_OVERLAY_AD_PLAYING_FAILED, com.phunware.advertising.internal.vast.TVASTAdError.ERROR_NO_REMAINING_VIEWS}" />
    </annotation>
  </item>
  <item name="com.phunware.advertising.internal.vast.TVASTAdError mErrorType">
    <annotation name="android.support.annotation.IntDef">
      <val name="value" val="{com.phunware.advertising.internal.vast.TVASTAdError.ERROR_TYPE_UNKNOWN, com.phunware.advertising.internal.vast.TVASTAdError.ERROR_TYPE_LOAD, com.phunware.advertising.internal.vast.TVASTAdError.ERROR_TYPE_PLAY}" />
    </annotation>
  </item>
  <item name="com.phunware.advertising.internal.vast.TVASTAdError.AdErrorCode">
    <annotation name="android.support.annotation.IntDef">
      <val name="value" val="{com.phunware.advertising.internal.vast.TVASTAdError.ERROR_CODE_UNKNOWN_ERROR, com.phunware.advertising.internal.vast.TVASTAdError.ERROR_CODE_VIDEO_PLAY_ERROR, com.phunware.advertising.internal.vast.TVASTAdError.ERROR_CODE_FAILED_TO_REQUEST_ADS, com.phunware.advertising.internal.vast.TVASTAdError.ERROR_CODE_INTERNAL_ERROR, com.phunware.advertising.internal.vast.TVASTAdError.ERROR_CODE_SUPPORTED_ADS_NOT_FOUND, com.phunware.advertising.internal.vast.TVASTAdError.ERROR_CODE_ADSLOT_NOT_VISIBLE, com.phunware.advertising.internal.vast.TVASTAdError.ERROR_CODE_VAST_LOAD_TIMEOUT, com.phunware.advertising.internal.vast.TVASTAdError.ERROR_CODE_VAST_INVALID_URL, com.phunware.advertising.internal.vast.TVASTAdError.ERROR_CODE_VAST_MALFORMED_RESPONSE, com.phunware.advertising.internal.vast.TVASTAdError.ERROR_CODE_VAST_MEDIA_ERROR, com.phunware.advertising.internal.vast.TVASTAdError.ERROR_CODE_VAST_TOO_MANY_REDIRECTS, com.phunware.advertising.internal.vast.TVASTAdError.ERROR_CODE_VAST_ASSET_MISMATCH, com.phunware.advertising.internal.vast.TVASTAdError.ERROR_CODE_VAST_ASSET_NOT_FOUND, com.phunware.advertising.internal.vast.TVASTAdError.ERROR_CODE_INVALID_ARGUMENTS, com.phunware.advertising.internal.vast.TVASTAdError.ERROR_CODE_COMPANION_AD_LOADING_FAILED, com.phunware.advertising.internal.vast.TVASTAdError.ERROR_CODE_UNKNOWN_AD_RESPONSE, com.phunware.advertising.internal.vast.TVASTAdError.ERROR_CODE_UNEXPECTED_LOADING_ERROR, com.phunware.advertising.internal.vast.TVASTAdError.ERROR_CODE_OVERLAY_AD_LOADING_FAILED, com.phunware.advertising.internal.vast.TVASTAdError.ERROR_CODE_OVERLAY_AD_PLAYING_FAILED, com.phunware.advertising.internal.vast.TVASTAdError.ERROR_NO_REMAINING_VIEWS}" />
    </annotation>
  </item>
  <item name="com.phunware.advertising.internal.vast.TVASTAdError.AdErrorType">
    <annotation name="android.support.annotation.IntDef">
      <val name="value" val="{com.phunware.advertising.internal.vast.TVASTAdError.ERROR_TYPE_UNKNOWN, com.phunware.advertising.internal.vast.TVASTAdError.ERROR_TYPE_LOAD, com.phunware.advertising.internal.vast.TVASTAdError.ERROR_TYPE_PLAY}" />
    </annotation>
  </item>
  <item name="com.phunware.advertising.internal.vast.TVASTAdView mState">
    <annotation name="android.support.annotation.IntDef">
      <val name="value" val="{com.phunware.advertising.internal.vast.TVASTAdView.STATE_NEW, com.phunware.advertising.internal.vast.TVASTAdView.STATE_LOADING, com.phunware.advertising.internal.vast.TVASTAdView.STATE_SHOWN, com.phunware.advertising.internal.vast.TVASTAdView.STATE_CLICKED, com.phunware.advertising.internal.vast.TVASTAdView.STATE_DONE}" />
    </annotation>
  </item>
  <item name="com.phunware.advertising.internal.vast.TVASTVideoAdsManager mAdEventType">
    <annotation name="android.support.annotation.IntDef">
      <val name="value" val="{com.phunware.advertising.internal.vast.TVASTVideoAdsManager.AD_EVENT_TYPE_CLICK, com.phunware.advertising.internal.vast.TVASTVideoAdsManager.AD_EVENT_TYPE_COMPLETE, com.phunware.advertising.internal.vast.TVASTVideoAdsManager.AD_EVENT_TYPE_CREATIVE_VIEW, com.phunware.advertising.internal.vast.TVASTVideoAdsManager.AD_EVENT_TYPE_IMPRESSION, com.phunware.advertising.internal.vast.TVASTVideoAdsManager.AD_EVENT_TYPE_CONTENT_PAUSE_REQUESTED, com.phunware.advertising.internal.vast.TVASTVideoAdsManager.AD_EVENT_TYPE_CONTENT_RESUME_REQUESTED, com.phunware.advertising.internal.vast.TVASTVideoAdsManager.AD_EVENT_TYPE_ERROR, com.phunware.advertising.internal.vast.TVASTVideoAdsManager.AD_EVENT_TYPE_FIRST_QUARTILE, com.phunware.advertising.internal.vast.TVASTVideoAdsManager.AD_EVENT_TYPE_MIDPOINT, com.phunware.advertising.internal.vast.TVASTVideoAdsManager.AD_EVENT_TYPE_MUTE, com.phunware.advertising.internal.vast.TVASTVideoAdsManager.AD_EVENT_TYPE_UNMUTE, com.phunware.advertising.internal.vast.TVASTVideoAdsManager.AD_EVENT_TYPE_PAUSE, com.phunware.advertising.internal.vast.TVASTVideoAdsManager.AD_EVENT_TYPE_START, com.phunware.advertising.internal.vast.TVASTVideoAdsManager.AD_EVENT_TYPE_THIRD_QUARTILE, com.phunware.advertising.internal.vast.TVASTVideoAdsManager.AD_EVENT_TYPE_REWIND, com.phunware.advertising.internal.vast.TVASTVideoAdsManager.AD_EVENT_TYPE_RESUME, com.phunware.advertising.internal.vast.TVASTVideoAdsManager.AD_EVENT_TYPE_FULLSCREEN, com.phunware.advertising.internal.vast.TVASTVideoAdsManager.AD_EVENT_TYPE_EXPAND, com.phunware.advertising.internal.vast.TVASTVideoAdsManager.AD_EVENT_TYPE_COLLAPSE, com.phunware.advertising.internal.vast.TVASTVideoAdsManager.AD_EVENT_TYPE_SKIP, com.phunware.advertising.internal.vast.TVASTVideoAdsManager.AD_EVENT_TYPE_ACCEPT_INVITATION_LINEAR, com.phunware.advertising.internal.vast.TVASTVideoAdsManager.AD_EVENT_TYPE_ACCEPT_INVITATION, com.phunware.advertising.internal.vast.TVASTVideoAdsManager.AD_EVENT_TYPE_CLOSE, com.phunware.advertising.internal.vast.TVASTVideoAdsManager.AD_EVENT_TYPE_CLOSE_LINEAR, com.phunware.advertising.internal.vast.TVASTVideoAdsManager.AD_EVENT_TYPE_REWARDED_VIDEO_SUCCESS}" />
    </annotation>
  </item>
  <item name="com.phunware.advertising.internal.vast.TVASTVideoAdsManager mPlayState">
    <annotation name="android.support.annotation.IntDef">
      <val name="value" val="{com.phunware.advertising.internal.vast.TVASTVideoAdsManager.PLAYBACK_STATE_STOPPED, com.phunware.advertising.internal.vast.TVASTVideoAdsManager.PLAYBACK_STATE_PAUSED, com.phunware.advertising.internal.vast.TVASTVideoAdsManager.PLAYBACK_STATE_PLAYING}" />
    </annotation>
  </item>
  <item name="com.phunware.advertising.internal.vast.TVASTVideoAdsManager.TVASTAdEvent TVASTAdEvent(int) 0">
    <annotation name="android.support.annotation.IntDef">
      <val name="value" val="{com.phunware.advertising.internal.vast.TVASTVideoAdsManager.AD_EVENT_TYPE_CLICK, com.phunware.advertising.internal.vast.TVASTVideoAdsManager.AD_EVENT_TYPE_COMPLETE, com.phunware.advertising.internal.vast.TVASTVideoAdsManager.AD_EVENT_TYPE_CREATIVE_VIEW, com.phunware.advertising.internal.vast.TVASTVideoAdsManager.AD_EVENT_TYPE_IMPRESSION, com.phunware.advertising.internal.vast.TVASTVideoAdsManager.AD_EVENT_TYPE_CONTENT_PAUSE_REQUESTED, com.phunware.advertising.internal.vast.TVASTVideoAdsManager.AD_EVENT_TYPE_CONTENT_RESUME_REQUESTED, com.phunware.advertising.internal.vast.TVASTVideoAdsManager.AD_EVENT_TYPE_ERROR, com.phunware.advertising.internal.vast.TVASTVideoAdsManager.AD_EVENT_TYPE_FIRST_QUARTILE, com.phunware.advertising.internal.vast.TVASTVideoAdsManager.AD_EVENT_TYPE_MIDPOINT, com.phunware.advertising.internal.vast.TVASTVideoAdsManager.AD_EVENT_TYPE_MUTE, com.phunware.advertising.internal.vast.TVASTVideoAdsManager.AD_EVENT_TYPE_UNMUTE, com.phunware.advertising.internal.vast.TVASTVideoAdsManager.AD_EVENT_TYPE_PAUSE, com.phunware.advertising.internal.vast.TVASTVideoAdsManager.AD_EVENT_TYPE_START, com.phunware.advertising.internal.vast.TVASTVideoAdsManager.AD_EVENT_TYPE_THIRD_QUARTILE, com.phunware.advertising.internal.vast.TVASTVideoAdsManager.AD_EVENT_TYPE_REWIND, com.phunware.advertising.internal.vast.TVASTVideoAdsManager.AD_EVENT_TYPE_RESUME, com.phunware.advertising.internal.vast.TVASTVideoAdsManager.AD_EVENT_TYPE_FULLSCREEN, com.phunware.advertising.internal.vast.TVASTVideoAdsManager.AD_EVENT_TYPE_EXPAND, com.phunware.advertising.internal.vast.TVASTVideoAdsManager.AD_EVENT_TYPE_COLLAPSE, com.phunware.advertising.internal.vast.TVASTVideoAdsManager.AD_EVENT_TYPE_SKIP, com.phunware.advertising.internal.vast.TVASTVideoAdsManager.AD_EVENT_TYPE_ACCEPT_INVITATION_LINEAR, com.phunware.advertising.internal.vast.TVASTVideoAdsManager.AD_EVENT_TYPE_ACCEPT_INVITATION, com.phunware.advertising.internal.vast.TVASTVideoAdsManager.AD_EVENT_TYPE_CLOSE, com.phunware.advertising.internal.vast.TVASTVideoAdsManager.AD_EVENT_TYPE_CLOSE_LINEAR, com.phunware.advertising.internal.vast.TVASTVideoAdsManager.AD_EVENT_TYPE_REWARDED_VIDEO_SUCCESS}" />
    </annotation>
  </item>
  <item name="com.phunware.advertising.internal.vast.TVASTVideoAdsManager.TVASTAdEvent int getEventType()">
    <annotation name="android.support.annotation.IntDef">
      <val name="value" val="{com.phunware.advertising.internal.vast.TVASTVideoAdsManager.AD_EVENT_TYPE_CLICK, com.phunware.advertising.internal.vast.TVASTVideoAdsManager.AD_EVENT_TYPE_COMPLETE, com.phunware.advertising.internal.vast.TVASTVideoAdsManager.AD_EVENT_TYPE_CREATIVE_VIEW, com.phunware.advertising.internal.vast.TVASTVideoAdsManager.AD_EVENT_TYPE_IMPRESSION, com.phunware.advertising.internal.vast.TVASTVideoAdsManager.AD_EVENT_TYPE_CONTENT_PAUSE_REQUESTED, com.phunware.advertising.internal.vast.TVASTVideoAdsManager.AD_EVENT_TYPE_CONTENT_RESUME_REQUESTED, com.phunware.advertising.internal.vast.TVASTVideoAdsManager.AD_EVENT_TYPE_ERROR, com.phunware.advertising.internal.vast.TVASTVideoAdsManager.AD_EVENT_TYPE_FIRST_QUARTILE, com.phunware.advertising.internal.vast.TVASTVideoAdsManager.AD_EVENT_TYPE_MIDPOINT, com.phunware.advertising.internal.vast.TVASTVideoAdsManager.AD_EVENT_TYPE_MUTE, com.phunware.advertising.internal.vast.TVASTVideoAdsManager.AD_EVENT_TYPE_UNMUTE, com.phunware.advertising.internal.vast.TVASTVideoAdsManager.AD_EVENT_TYPE_PAUSE, com.phunware.advertising.internal.vast.TVASTVideoAdsManager.AD_EVENT_TYPE_START, com.phunware.advertising.internal.vast.TVASTVideoAdsManager.AD_EVENT_TYPE_THIRD_QUARTILE, com.phunware.advertising.internal.vast.TVASTVideoAdsManager.AD_EVENT_TYPE_REWIND, com.phunware.advertising.internal.vast.TVASTVideoAdsManager.AD_EVENT_TYPE_RESUME, com.phunware.advertising.internal.vast.TVASTVideoAdsManager.AD_EVENT_TYPE_FULLSCREEN, com.phunware.advertising.internal.vast.TVASTVideoAdsManager.AD_EVENT_TYPE_EXPAND, com.phunware.advertising.internal.vast.TVASTVideoAdsManager.AD_EVENT_TYPE_COLLAPSE, com.phunware.advertising.internal.vast.TVASTVideoAdsManager.AD_EVENT_TYPE_SKIP, com.phunware.advertising.internal.vast.TVASTVideoAdsManager.AD_EVENT_TYPE_ACCEPT_INVITATION_LINEAR, com.phunware.advertising.internal.vast.TVASTVideoAdsManager.AD_EVENT_TYPE_ACCEPT_INVITATION, com.phunware.advertising.internal.vast.TVASTVideoAdsManager.AD_EVENT_TYPE_CLOSE, com.phunware.advertising.internal.vast.TVASTVideoAdsManager.AD_EVENT_TYPE_CLOSE_LINEAR, com.phunware.advertising.internal.vast.TVASTVideoAdsManager.AD_EVENT_TYPE_REWARDED_VIDEO_SUCCESS}" />
    </annotation>
  </item>
</root>

