<?xml version="1.0" encoding="UTF-8"?>
<root>
  <item name="com.phunware.advertising.internal.adview.AdRequest com.phunware.advertising.internal.adview.AdRequest setFormat(java.lang.String) 0">
    <annotation name="android.support.annotation.StringDef">
      <val name="value" val="{com.phunware.advertising.internal.adview.AdRequest.FORMAT_HTML, com.phunware.advertising.internal.adview.AdRequest.FORMAT_JSON, com.phunware.advertising.internal.adview.AdRequest.FORMAT_VAST}" />
    </annotation>
  </item>
  <item name="com.phunware.advertising.internal.adview.AdRequest com.phunware.advertising.internal.adview.AdRequest setOrientation(java.lang.String) 0">
    <annotation name="android.support.annotation.StringDef">
      <val name="value" val="{com.phunware.advertising.internal.adview.AdRequest.ORIENTATION_UNDEFINED, com.phunware.advertising.internal.adview.AdRequest.ORIENTATION_PORTRAIT, com.phunware.advertising.internal.adview.AdRequest.ORIENTATION_LANDSCAPE}" />
    </annotation>
  </item>
  <item name="com.phunware.advertising.internal.adview.AdRequest com.phunware.advertising.internal.adview.AdRequest setRequestType(java.lang.String) 0">
    <annotation name="android.support.annotation.StringDef">
      <val name="value" val="{com.phunware.advertising.internal.adview.AdRequest.REQUEST_TYPE_BANNER, com.phunware.advertising.internal.adview.AdRequest.REQUEST_TYPE_INTERSTITIAL, com.phunware.advertising.internal.adview.AdRequest.REQUEST_TYPE_NATIVE, com.phunware.advertising.internal.adview.AdRequest.REQUEST_TYPE_VIDEO, com.phunware.advertising.internal.adview.AdRequest.REQUEST_TYPE_LANDING_PAGE, com.phunware.advertising.internal.adview.AdRequest.REQUEST_TYPE_REWARDED_VIDEO}" />
    </annotation>
  </item>
  <item name="com.phunware.advertising.internal.adview.AdRequest com.phunware.advertising.internal.adview.AdRequest setVideoPlacementType(java.lang.String) 0">
    <annotation name="android.support.annotation.StringDef">
      <val name="value" val="{com.phunware.advertising.PwVideoInterstitialAd.TYPE_ALL, com.phunware.advertising.PwVideoInterstitialAd.TYPE_PRE_ROLL, com.phunware.advertising.PwVideoInterstitialAd.TYPE_MID_ROLL, com.phunware.advertising.PwVideoInterstitialAd.TYPE_POST_ROLL}" />
    </annotation>
  </item>
  <item name="com.phunware.advertising.internal.adview.AdRequest java.lang.String getFormat()">
    <annotation name="android.support.annotation.StringDef">
      <val name="value" val="{com.phunware.advertising.internal.adview.AdRequest.FORMAT_HTML, com.phunware.advertising.internal.adview.AdRequest.FORMAT_JSON, com.phunware.advertising.internal.adview.AdRequest.FORMAT_VAST}" />
    </annotation>
  </item>
  <item name="com.phunware.advertising.internal.adview.AdRequest java.lang.String getOrientation()">
    <annotation name="android.support.annotation.StringDef">
      <val name="value" val="{com.phunware.advertising.internal.adview.AdRequest.ORIENTATION_UNDEFINED, com.phunware.advertising.internal.adview.AdRequest.ORIENTATION_PORTRAIT, com.phunware.advertising.internal.adview.AdRequest.ORIENTATION_LANDSCAPE}" />
    </annotation>
  </item>
  <item name="com.phunware.advertising.internal.adview.AdRequest java.lang.String getRequestType()">
    <annotation name="android.support.annotation.StringDef">
      <val name="value" val="{com.phunware.advertising.internal.adview.AdRequest.REQUEST_TYPE_BANNER, com.phunware.advertising.internal.adview.AdRequest.REQUEST_TYPE_INTERSTITIAL, com.phunware.advertising.internal.adview.AdRequest.REQUEST_TYPE_NATIVE, com.phunware.advertising.internal.adview.AdRequest.REQUEST_TYPE_VIDEO, com.phunware.advertising.internal.adview.AdRequest.REQUEST_TYPE_LANDING_PAGE, com.phunware.advertising.internal.adview.AdRequest.REQUEST_TYPE_REWARDED_VIDEO}" />
    </annotation>
  </item>
  <item name="com.phunware.advertising.internal.adview.AdRequest java.lang.String getVideoPlacementType()">
    <annotation name="android.support.annotation.StringDef">
      <val name="value" val="{com.phunware.advertising.PwVideoInterstitialAd.TYPE_ALL, com.phunware.advertising.PwVideoInterstitialAd.TYPE_PRE_ROLL, com.phunware.advertising.PwVideoInterstitialAd.TYPE_MID_ROLL, com.phunware.advertising.PwVideoInterstitialAd.TYPE_POST_ROLL}" />
    </annotation>
  </item>
  <item name="com.phunware.advertising.internal.adview.AdRequest mFormat">
    <annotation name="android.support.annotation.StringDef">
      <val name="value" val="{com.phunware.advertising.internal.adview.AdRequest.FORMAT_HTML, com.phunware.advertising.internal.adview.AdRequest.FORMAT_JSON, com.phunware.advertising.internal.adview.AdRequest.FORMAT_VAST}" />
    </annotation>
  </item>
  <item name="com.phunware.advertising.internal.adview.AdRequest mOrientation">
    <annotation name="android.support.annotation.StringDef">
      <val name="value" val="{com.phunware.advertising.internal.adview.AdRequest.ORIENTATION_UNDEFINED, com.phunware.advertising.internal.adview.AdRequest.ORIENTATION_PORTRAIT, com.phunware.advertising.internal.adview.AdRequest.ORIENTATION_LANDSCAPE}" />
    </annotation>
  </item>
  <item name="com.phunware.advertising.internal.adview.AdRequest mRequestType">
    <annotation name="android.support.annotation.StringDef">
      <val name="value" val="{com.phunware.advertising.internal.adview.AdRequest.REQUEST_TYPE_BANNER, com.phunware.advertising.internal.adview.AdRequest.REQUEST_TYPE_INTERSTITIAL, com.phunware.advertising.internal.adview.AdRequest.REQUEST_TYPE_NATIVE, com.phunware.advertising.internal.adview.AdRequest.REQUEST_TYPE_VIDEO, com.phunware.advertising.internal.adview.AdRequest.REQUEST_TYPE_LANDING_PAGE, com.phunware.advertising.internal.adview.AdRequest.REQUEST_TYPE_REWARDED_VIDEO}" />
    </annotation>
  </item>
  <item name="com.phunware.advertising.internal.adview.AdRequest mVideoType">
    <annotation name="android.support.annotation.StringDef">
      <val name="value" val="{com.phunware.advertising.PwVideoInterstitialAd.TYPE_ALL, com.phunware.advertising.PwVideoInterstitialAd.TYPE_PRE_ROLL, com.phunware.advertising.PwVideoInterstitialAd.TYPE_MID_ROLL, com.phunware.advertising.PwVideoInterstitialAd.TYPE_POST_ROLL}" />
    </annotation>
  </item>
  <item name="com.phunware.advertising.internal.adview.AdRequest.Format">
    <annotation name="android.support.annotation.StringDef">
      <val name="value" val="{com.phunware.advertising.internal.adview.AdRequest.FORMAT_HTML, com.phunware.advertising.internal.adview.AdRequest.FORMAT_JSON, com.phunware.advertising.internal.adview.AdRequest.FORMAT_VAST}" />
    </annotation>
  </item>
  <item name="com.phunware.advertising.internal.adview.AdRequest.Orientation">
    <annotation name="android.support.annotation.StringDef">
      <val name="value" val="{com.phunware.advertising.internal.adview.AdRequest.ORIENTATION_UNDEFINED, com.phunware.advertising.internal.adview.AdRequest.ORIENTATION_PORTRAIT, com.phunware.advertising.internal.adview.AdRequest.ORIENTATION_LANDSCAPE}" />
    </annotation>
  </item>
  <item name="com.phunware.advertising.internal.adview.AdRequest.RequestType">
    <annotation name="android.support.annotation.StringDef">
      <val name="value" val="{com.phunware.advertising.internal.adview.AdRequest.REQUEST_TYPE_BANNER, com.phunware.advertising.internal.adview.AdRequest.REQUEST_TYPE_INTERSTITIAL, com.phunware.advertising.internal.adview.AdRequest.REQUEST_TYPE_NATIVE, com.phunware.advertising.internal.adview.AdRequest.REQUEST_TYPE_VIDEO, com.phunware.advertising.internal.adview.AdRequest.REQUEST_TYPE_LANDING_PAGE, com.phunware.advertising.internal.adview.AdRequest.REQUEST_TYPE_REWARDED_VIDEO}" />
    </annotation>
  </item>
  <item name="com.phunware.advertising.internal.adview.AdRequest.VideoPlacementType">
    <annotation name="android.support.annotation.StringDef">
      <val name="value" val="{com.phunware.advertising.PwVideoInterstitialAd.TYPE_ALL, com.phunware.advertising.PwVideoInterstitialAd.TYPE_PRE_ROLL, com.phunware.advertising.PwVideoInterstitialAd.TYPE_MID_ROLL, com.phunware.advertising.PwVideoInterstitialAd.TYPE_POST_ROLL}" />
    </annotation>
  </item>
  <item name="com.phunware.advertising.internal.adview.AdViewCore boolean resize(int, int, int, int, java.lang.String, boolean) 4">
    <annotation name="android.support.annotation.StringDef">
      <val name="value" val="{com.phunware.advertising.internal.adview.Mraid.MRAID_CLOSE_REGION_TOP_LEFT, com.phunware.advertising.internal.adview.Mraid.MRAID_CLOSE_REGION_TOP_CENTER, com.phunware.advertising.internal.adview.Mraid.MRAID_CLOSE_REGION_TOP_RIGHT, com.phunware.advertising.internal.adview.Mraid.MRAID_CLOSE_REGION_CENTER, com.phunware.advertising.internal.adview.Mraid.MRAID_CLOSE_REGION_BOTTOM_LEFT, com.phunware.advertising.internal.adview.Mraid.MRAID_CLOSE_REGION_BOTTOM_CENTER, com.phunware.advertising.internal.adview.Mraid.MRAID_CLOSE_REGION_BOTTOM_RIGHT}" />
    </annotation>
  </item>
  <item name="com.phunware.advertising.internal.adview.AdViewCore java.lang.String getMraidPlacementType()">
    <annotation name="android.support.annotation.StringDef">
      <val name="value" val="{com.phunware.advertising.internal.adview.Mraid.MRAID_PLACEMENT_INLINE, com.phunware.advertising.internal.adview.Mraid.MRAID_PLACEMENT_INTERSTITIAL}" />
    </annotation>
  </item>
  <item name="com.phunware.advertising.internal.adview.AdViewCore java.lang.String getMraidState()">
    <annotation name="android.support.annotation.StringDef">
      <val name="value" val="{com.phunware.advertising.internal.adview.Mraid.MRAID_STATE_LOADING, com.phunware.advertising.internal.adview.Mraid.MRAID_STATE_DEFAULT, com.phunware.advertising.internal.adview.Mraid.MRAID_STATE_RESIZED, com.phunware.advertising.internal.adview.Mraid.MRAID_STATE_EXPANDED, com.phunware.advertising.internal.adview.Mraid.MRAID_STATE_HIDDEN}" />
    </annotation>
  </item>
  <item name="com.phunware.advertising.internal.adview.AdViewCore mViewState">
    <annotation name="android.support.annotation.StringDef">
      <val name="value" val="{com.phunware.advertising.internal.adview.AdViewCore.VIEWSTATE_DEFAULT, com.phunware.advertising.internal.adview.AdViewCore.VIEWSTATE_RESIZED, com.phunware.advertising.internal.adview.AdViewCore.VIEWSTATE_EXPANDED, com.phunware.advertising.internal.adview.AdViewCore.VIEWSTATE_HIDDEN}" />
    </annotation>
  </item>
  <item name="com.phunware.advertising.internal.adview.AdViewCore mraidPlacementType">
    <annotation name="android.support.annotation.StringDef">
      <val name="value" val="{com.phunware.advertising.internal.adview.Mraid.MRAID_PLACEMENT_INLINE, com.phunware.advertising.internal.adview.Mraid.MRAID_PLACEMENT_INTERSTITIAL}" />
    </annotation>
  </item>
  <item name="com.phunware.advertising.internal.adview.AdViewCore mraidState">
    <annotation name="android.support.annotation.StringDef">
      <val name="value" val="{com.phunware.advertising.internal.adview.Mraid.MRAID_STATE_LOADING, com.phunware.advertising.internal.adview.Mraid.MRAID_STATE_DEFAULT, com.phunware.advertising.internal.adview.Mraid.MRAID_STATE_RESIZED, com.phunware.advertising.internal.adview.Mraid.MRAID_STATE_EXPANDED, com.phunware.advertising.internal.adview.Mraid.MRAID_STATE_HIDDEN}" />
    </annotation>
  </item>
  <item name="com.phunware.advertising.internal.adview.AdViewCore void fireMraidEvent(java.lang.String, java.lang.String) 0">
    <annotation name="android.support.annotation.StringDef">
      <val name="value" val="{com.phunware.advertising.internal.adview.Mraid.MRAID_EVENT_READY, com.phunware.advertising.internal.adview.Mraid.MRAID_EVENT_STATECHANGE, com.phunware.advertising.internal.adview.Mraid.MRAID_EVENT_SIZECHANGE, com.phunware.advertising.internal.adview.Mraid.MRAID_EVENT_VIEWABLECHANGE, com.phunware.advertising.internal.adview.Mraid.MRAID_EVENT_ERROR}" />
    </annotation>
  </item>
  <item name="com.phunware.advertising.internal.adview.AdViewCore void setMraidPlacementType(java.lang.String) 0">
    <annotation name="android.support.annotation.StringDef">
      <val name="value" val="{com.phunware.advertising.internal.adview.Mraid.MRAID_PLACEMENT_INLINE, com.phunware.advertising.internal.adview.Mraid.MRAID_PLACEMENT_INTERSTITIAL}" />
    </annotation>
  </item>
  <item name="com.phunware.advertising.internal.adview.AdViewCore void setMraidState(java.lang.String) 0">
    <annotation name="android.support.annotation.StringDef">
      <val name="value" val="{com.phunware.advertising.internal.adview.Mraid.MRAID_STATE_LOADING, com.phunware.advertising.internal.adview.Mraid.MRAID_STATE_DEFAULT, com.phunware.advertising.internal.adview.Mraid.MRAID_STATE_RESIZED, com.phunware.advertising.internal.adview.Mraid.MRAID_STATE_EXPANDED, com.phunware.advertising.internal.adview.Mraid.MRAID_STATE_HIDDEN}" />
    </annotation>
  </item>
  <item name="com.phunware.advertising.internal.adview.AdViewCore.ViewState">
    <annotation name="android.support.annotation.StringDef">
      <val name="value" val="{com.phunware.advertising.internal.adview.AdViewCore.VIEWSTATE_DEFAULT, com.phunware.advertising.internal.adview.AdViewCore.VIEWSTATE_RESIZED, com.phunware.advertising.internal.adview.AdViewCore.VIEWSTATE_EXPANDED, com.phunware.advertising.internal.adview.AdViewCore.VIEWSTATE_HIDDEN}" />
    </annotation>
  </item>
  <item name="com.phunware.advertising.internal.adview.Mraid java.lang.String parseMraidCloseRegionPosition(java.lang.String)">
    <annotation name="android.support.annotation.StringDef">
      <val name="value" val="{com.phunware.advertising.internal.adview.Mraid.MRAID_CLOSE_REGION_TOP_LEFT, com.phunware.advertising.internal.adview.Mraid.MRAID_CLOSE_REGION_TOP_CENTER, com.phunware.advertising.internal.adview.Mraid.MRAID_CLOSE_REGION_TOP_RIGHT, com.phunware.advertising.internal.adview.Mraid.MRAID_CLOSE_REGION_CENTER, com.phunware.advertising.internal.adview.Mraid.MRAID_CLOSE_REGION_BOTTOM_LEFT, com.phunware.advertising.internal.adview.Mraid.MRAID_CLOSE_REGION_BOTTOM_CENTER, com.phunware.advertising.internal.adview.Mraid.MRAID_CLOSE_REGION_BOTTOM_RIGHT}" />
    </annotation>
  </item>
  <item name="com.phunware.advertising.internal.adview.Mraid.MraidCloseRegionPosition">
    <annotation name="android.support.annotation.StringDef">
      <val name="value" val="{com.phunware.advertising.internal.adview.Mraid.MRAID_CLOSE_REGION_TOP_LEFT, com.phunware.advertising.internal.adview.Mraid.MRAID_CLOSE_REGION_TOP_CENTER, com.phunware.advertising.internal.adview.Mraid.MRAID_CLOSE_REGION_TOP_RIGHT, com.phunware.advertising.internal.adview.Mraid.MRAID_CLOSE_REGION_CENTER, com.phunware.advertising.internal.adview.Mraid.MRAID_CLOSE_REGION_BOTTOM_LEFT, com.phunware.advertising.internal.adview.Mraid.MRAID_CLOSE_REGION_BOTTOM_CENTER, com.phunware.advertising.internal.adview.Mraid.MRAID_CLOSE_REGION_BOTTOM_RIGHT}" />
    </annotation>
  </item>
  <item name="com.phunware.advertising.internal.adview.Mraid.MraidEvent">
    <annotation name="android.support.annotation.StringDef">
      <val name="value" val="{com.phunware.advertising.internal.adview.Mraid.MRAID_EVENT_READY, com.phunware.advertising.internal.adview.Mraid.MRAID_EVENT_STATECHANGE, com.phunware.advertising.internal.adview.Mraid.MRAID_EVENT_SIZECHANGE, com.phunware.advertising.internal.adview.Mraid.MRAID_EVENT_VIEWABLECHANGE, com.phunware.advertising.internal.adview.Mraid.MRAID_EVENT_ERROR}" />
    </annotation>
  </item>
  <item name="com.phunware.advertising.internal.adview.Mraid.MraidPlacementType">
    <annotation name="android.support.annotation.StringDef">
      <val name="value" val="{com.phunware.advertising.internal.adview.Mraid.MRAID_PLACEMENT_INLINE, com.phunware.advertising.internal.adview.Mraid.MRAID_PLACEMENT_INTERSTITIAL}" />
    </annotation>
  </item>
  <item name="com.phunware.advertising.internal.adview.Mraid.MraidState">
    <annotation name="android.support.annotation.StringDef">
      <val name="value" val="{com.phunware.advertising.internal.adview.Mraid.MRAID_STATE_LOADING, com.phunware.advertising.internal.adview.Mraid.MRAID_STATE_DEFAULT, com.phunware.advertising.internal.adview.Mraid.MRAID_STATE_RESIZED, com.phunware.advertising.internal.adview.Mraid.MRAID_STATE_EXPANDED, com.phunware.advertising.internal.adview.Mraid.MRAID_STATE_HIDDEN}" />
    </annotation>
  </item>
</root>

