<?xml version="1.0" encoding="UTF-8"?>
<root>
  <item name="com.phunware.advertising.PwVideoInterstitialAd java.lang.String getPlacementType()">
    <annotation name="android.support.annotation.StringDef">
      <val name="value" val="{com.phunware.advertising.PwVideoInterstitialAd.TYPE_ALL, com.phunware.advertising.PwVideoInterstitialAd.TYPE_PRE_ROLL, com.phunware.advertising.PwVideoInterstitialAd.TYPE_MID_ROLL, com.phunware.advertising.PwVideoInterstitialAd.TYPE_POST_ROLL}" />
    </annotation>
  </item>
  <item name="com.phunware.advertising.PwVideoInterstitialAd void setPlacementType(java.lang.String) 0">
    <annotation name="android.support.annotation.StringDef">
      <val name="value" val="{com.phunware.advertising.PwVideoInterstitialAd.TYPE_ALL, com.phunware.advertising.PwVideoInterstitialAd.TYPE_PRE_ROLL, com.phunware.advertising.PwVideoInterstitialAd.TYPE_MID_ROLL, com.phunware.advertising.PwVideoInterstitialAd.TYPE_POST_ROLL}" />
    </annotation>
  </item>
</root>

