<?xml version="1.0" encoding="UTF-8"?>
<root>
  <item name="com.phunware.advertising.internal.AbstractStatefulAd boolean ratchetState(int) 0">
    <annotation name="android.support.annotation.IntDef">
      <val name="value" val="{com.phunware.advertising.internal.AbstractStatefulAd.STATE_NEW, com.phunware.advertising.internal.AbstractStatefulAd.STATE_LOADING, com.phunware.advertising.internal.AbstractStatefulAd.STATE_LOADED, com.phunware.advertising.internal.AbstractStatefulAd.STATE_SHOWN, com.phunware.advertising.internal.AbstractStatefulAd.STATE_DONE}" />
    </annotation>
  </item>
  <item name="com.phunware.advertising.internal.AbstractStatefulAd state">
    <annotation name="android.support.annotation.IntDef">
      <val name="value" val="{com.phunware.advertising.internal.AbstractStatefulAd.STATE_NEW, com.phunware.advertising.internal.AbstractStatefulAd.STATE_LOADING, com.phunware.advertising.internal.AbstractStatefulAd.STATE_LOADED, com.phunware.advertising.internal.AbstractStatefulAd.STATE_SHOWN, com.phunware.advertising.internal.AbstractStatefulAd.STATE_DONE}" />
    </annotation>
  </item>
  <item name="com.phunware.advertising.internal.BaseVideoAdImplement void setRequestType(java.lang.String) 0">
    <annotation name="android.support.annotation.StringDef">
      <val name="value" val="{com.phunware.advertising.internal.adview.AdRequest.REQUEST_TYPE_BANNER, com.phunware.advertising.internal.adview.AdRequest.REQUEST_TYPE_INTERSTITIAL, com.phunware.advertising.internal.adview.AdRequest.REQUEST_TYPE_NATIVE, com.phunware.advertising.internal.adview.AdRequest.REQUEST_TYPE_VIDEO, com.phunware.advertising.internal.adview.AdRequest.REQUEST_TYPE_LANDING_PAGE, com.phunware.advertising.internal.adview.AdRequest.REQUEST_TYPE_REWARDED_VIDEO}" />
    </annotation>
  </item>
  <item name="com.phunware.advertising.internal.BaseVideoAdImplement void setVideoPlacementType(java.lang.String) 0">
    <annotation name="android.support.annotation.StringDef">
      <val name="value" val="{com.phunware.advertising.PwVideoInterstitialAd.TYPE_ALL, com.phunware.advertising.PwVideoInterstitialAd.TYPE_PRE_ROLL, com.phunware.advertising.PwVideoInterstitialAd.TYPE_MID_ROLL, com.phunware.advertising.PwVideoInterstitialAd.TYPE_POST_ROLL}" />
    </annotation>
  </item>
  <item name="com.phunware.advertising.internal.NativeAdImpl state">
    <annotation name="android.support.annotation.IntDef">
      <val name="value" val="{com.phunware.advertising.internal.NativeAdImpl.STATE_NEW, com.phunware.advertising.internal.NativeAdImpl.STATE_LOADING, com.phunware.advertising.internal.NativeAdImpl.STATE_DONE}" />
    </annotation>
  </item>
  <item name="com.phunware.advertising.internal.Utils com.phunware.advertising.PwAdRequest.PlacementType getVideoType(java.lang.String) 0">
    <annotation name="android.support.annotation.StringDef">
      <val name="value" val="{com.phunware.advertising.PwVideoInterstitialAd.TYPE_ALL, com.phunware.advertising.PwVideoInterstitialAd.TYPE_PRE_ROLL, com.phunware.advertising.PwVideoInterstitialAd.TYPE_MID_ROLL, com.phunware.advertising.PwVideoInterstitialAd.TYPE_POST_ROLL}" />
    </annotation>
  </item>
  <item name="com.phunware.advertising.internal.Utils java.lang.String getVideoType(com.phunware.advertising.PwAdRequest.PlacementType)">
    <annotation name="android.support.annotation.StringDef">
      <val name="value" val="{com.phunware.advertising.PwVideoInterstitialAd.TYPE_ALL, com.phunware.advertising.PwVideoInterstitialAd.TYPE_PRE_ROLL, com.phunware.advertising.PwVideoInterstitialAd.TYPE_MID_ROLL, com.phunware.advertising.PwVideoInterstitialAd.TYPE_POST_ROLL}" />
    </annotation>
  </item>
</root>

